Brand,Panel Name/Model,Wattage (W),Daily Output (kWh/day)*,Monthly Output (kWh/month)*,Efficiency (%),Voltage Vmpp (V),Current Impp (A),Dimensions (mm),Weight (kg),Product Link
Adani Solar,Eternal Shine – ASM-M10-144-AAA (540W),540,2.16,64.8,20.92,41.76,12.93,2266 x 1133 x 35,27.5,https://www.adanisolar.com/product
Adani Solar,Elan Shine TOPCon – ASB-M10-144-AAA (560W),560,2.24,67.2,21.7,42.09,13.3,2266 x 1133 x 35,28,https://www.adanisolar.com/product
Adani Solar,Elan Shine TOPCon – ASB-M10-144-AAA (575W),575,2.3,69,22.28,42.5,13.53,2266 x 1133 x 35,28,https://www.adanisolar.com/product
Tata Power Solar,TurboVolt – TP540HG10W (540W),540,2.16,64.8,20.95,41.75,12.95,2273 x 1134 x 35,29,https://www.tatapowersolar.com/solar-panels/
Tata Power Solar,TurboVolt – TP550HG10W (550W),550,2.2,66,21.14,41.9,13.13,2273 x 1134 x 35,29,https://www.tatapowersolar.com/solar-panels/
UTL Solar,UTL 200W Mono PERC (12V),200,0.8,24,19.97,19.15,10.44,1495 x 670 x 35,11.84,https://www.upsinverter.com/utl/solar-panel/
UTL Solar,UTL 335W Poly (24V),335,1.34,40.2,17.5,36.5,9.18,1960 x 992 x 40,22.5,https://www.upsinverter.com/utl/solar-panel/
UTL Solar,UTL 590W N-Type TOPCon Bifacial,590,2.36,70.8,22.87,43.6,13.53,2278 x 1134 x 35,28.5,https://www.upsinverter.com/utl/product/solar-panel-590-watt-topcon-half-cut-bi-facial/
INA Solar (Insolation Energy),Diamond Mono PERC Bifacial – INA-144MHC-TF-550 (550W),550,2.2,66,21.31,42,13.09,2279 x 1134 x 35,28.4,https://insolationenergy.in/solar-pv-module
INA Solar (Insolation Energy),Diamond Mono PERC Bifacial – INA-144MHC-TF-560 (560W),560,2.24,67.2,21.7,42.25,13.25,2279 x 1134 x 35,28.4,https://insolationenergy.in/solar-pv-module
INA Solar (Insolation Energy),TOPCon Series – INA-635Wp (635W),635,2.54,76.2,22.5,45.2,14.05,2384 x 1134 x 35,31,https://insolationenergy.in/solar-pv-module
Vikram Solar,Somera Monofacial – M10 (540W),540,2.16,64.8,20.75,41.6,12.87,2278 x 1134 x 35,28,https://www.vikramsolar.com/products/somera-525-550w-with-144-cell/
Vikram Solar,Somera Monofacial – M10 (550W),550,2.2,66,21.13,41.8,13.13,2278 x 1134 x 35,28,https://www.vikramsolar.com/products/somera-525-550w-with-144-cell/
Vikram Solar,Hypersol G12R (600W+),600,2.4,72,21.5,44.5,13.48,2382 x 1134 x 35,30,https://www.vikramsolar.com/hypersol-g12r/
Goldi Solar,HELOC PRO Monofacial – GS10-M144-WF (540W),540,2.16,64.8,20.92,41.1,13.14,2278 x 1133 x 35,28,https://goldisolar.com/downloads/
Goldi Solar,HELOC PRO Bifacial – GS10-B144-GF (550W),550,2.2,66,21.31,41.6,13.22,2278 x 1133 x 35,28.5,https://goldisolar.com/downloads/
Goldi Solar,HELOC PRO Bifacial – GS10-B144-GF (560W),560,2.24,67.2,21.7,42,13.33,2278 x 1133 x 35,28.5,https://goldisolar.com/downloads/
Waaree,ARKA Bifacial Mono PERC – Bi-55-540 (540W),540,2.16,64.8,20.92,41.75,12.93,2272 x 1133 x 35,27.5,https://www.waaree.com/solar-panel.php
Waaree,WSMD Series Mono DCR (550W),550,2.2,66,21.31,41.9,13.13,2272 x 1133 x 35,28,https://www.waaree.com/solar-panel.php
Waaree,Adinath TOPCon N-Type Bifacial (590W),590,2.36,70.8,22.5,44.4,13.3,2278 x 1134 x 35,28.5,https://www.waaree.com/solar-panel.php
Adani Solar,ASP-7 Series (305W Polycrystalline),305,1.37,41.2,15.7,36.9,8.27,1956 x 992 x 40,22.5,
Adani Solar,Eternal Shine 445W Mono PERC,445,2,60.1,20.2,40.9,10.88,2094 x 1038 x 35,24,
Adani Solar,Eternal Shine 535W Mono PERC Bifacial,535,2.41,72.2,20.7,40.9,13.08,2278 x 1134 x 35,27.5,
Adani Solar,Elan Shine 550W TOPCon Bifacial (ASB-M10-144),550,2.48,74.3,21.31,42.09,13.07,2278 x 1134 x 30,27.2,
Adani Solar,Elan Shine 610W TOPCon G2G (M12),610,2.75,82.4,22.3,44,13.86,2384 x 1303 x 35,29.5,
Adani Solar,Elan Pride 660W Mono PERC (132 cell),660,2.97,89.1,21.4,37,17.84,2390 x 1303 x 35,33.6,
Tata Power Solar,TP294 (60-cell Mono PERC),294,1.32,39.7,15.1,36.4,8.08,1650 x 992 x 35,18,
Tata Power Solar,TP445 (144-cell Mono PERC),445,2,60.1,20.2,48,9.27,2094 x 1038 x 35,24.5,
Tata Power Solar,TP540HG10W TurboVolt (144-cell),540,2.43,72.9,21.14,41.75,12.95,2273 x 1134 x 35,29,
Tata Power Solar,TP600LG10TB Mono PERC Bifacial,600,2.7,81,21.54,41.8,14.35,2456 x 1134 x 35,31,
Tata Power Solar,TP180 Series (72-cell legacy),180,0.81,24.3,14,36.1,4.99,1580 x 808 x 50,15.5,
